gene,finding,type,confidence,source
"IDH1","p.R132C","Somatic tumor driver","High","BostonGene / Tempus summaries"
"ATRX","G1712D / ATRX loss","Tumor lineage and chromatin finding","High","Tempus / pathology summaries / immune monitoring"
"TP53","Tumor TP53 alteration; germline discrepancy to reconcile","Tumor suppressor / hereditary-risk boundary","Needs reconciliation","BostonGene / Tempus / longitudinal notes"
"MGMT","MGMT promoter status differs across records","Biomarker record discrepancy","Needs reconciliation","Pathology/molecular summaries + CeCurio report"
"TMB / MSI","Low TMB; MSI stable / MMR proficient","Immunotherapy background","High directionally","BostonGene / longitudinal molecular summaries"
"CDKN2A","G/S candidate call","Progression-risk clue","Context / needs source review","Triangle v2 report"
"HLA","A*03:01, A*26:01, B*15:01, B*35:01, C*03:04, C*04:01","What T cells can see","Contextual; LOH not resolved","Triangle v2 report / genome field"
"IDH1 peptide","KPIIIGCHAY / GWVKPIIIGCHAY","Neoantigen vaccine candidate","High-priority pipeline candidate","Triangle v2 report"
"ATRX peptide","LVDPDPDFV / FNKALVDPDPDFV","Neoantigen vaccine candidate","High-priority pipeline candidate","Triangle v2 report / immune monitoring"
"Quality gates","Tumor purity 32%; PGx core-site call rate 80%; HLA LOH blocked","Report limits","Run-level QC","Triangle v2 quality section"
